config,eligible,score,avg20_2024,pf20_2024,trades_2024,breadth_2024,avg20_2025H1,pf20_2025H1,trades_2025H1,breadth_2025H1
BRK_L16_V0_H4_S1.5_T0,False,-1000000000.0,-23.46077011132134,0.6335500229635446,22286,0.0,-23.490382468536605,0.6113745775163499,11474,0.0
BRK_L16_V0_H4_S1.5_T3,False,-1000000000.0,-22.562015068524456,0.6487759694114706,22402,0.0,-22.664893491237425,0.6246047095308559,11516,0.0
BRK_L16_V0_H4_S2_T0,False,-1000000000.0,-23.400488825039208,0.6406772034946209,22094,0.0,-24.757557758945246,0.6005704532744299,11394,0.0
BRK_L16_V0_H4_S2_T3,False,-1000000000.0,-23.22863060378903,0.6442168605879902,22138,0.0,-24.304075722468,0.6078600376581593,11401,0.0
BRK_L16_V0_H8_S1.5_T0,False,-1000000000.0,-25.400659200315946,0.6762974141059801,16582,0.0,-22.715125190010795,0.6975081413944829,8392,0.0
BRK_L16_V0_H8_S1.5_T3,False,-1000000000.0,-24.362109027473675,0.6914126564706561,16803,0.0,-21.59923537215221,0.7124216387271266,8480,0.03333333333333333
BRK_L16_V0_H8_S2_T0,False,-1000000000.0,-25.734189666775638,0.6852057032393265,16283,0.0,-24.18834521861057,0.6968551079132238,8268,0.0
BRK_L16_V0_H8_S2_T3,False,-1000000000.0,-25.29595793312994,0.6921094862191831,16380,0.0,-22.831792540834535,0.7144951235261865,8298,0.03333333333333333
BRK_L16_V0_H16_S1.5_T0,False,-1000000000.0,-21.33470493074345,0.7560210614390811,8849,0.045454545454545456,-25.546021298244018,0.6982448290723591,4331,0.0
BRK_L16_V0_H16_S1.5_T3,False,-1000000000.0,-24.766994403564684,0.7206757824926199,9102,0.045454545454545456,-21.06166906808319,0.7499421772988905,4411,0.045454545454545456
BRK_L16_V0_H16_S2_T0,False,-1000000000.0,-22.33827119566839,0.765804859123066,8591,0.045454545454545456,-26.31086366594263,0.712815304252402,4227,0.0
BRK_L16_V0_H16_S2_T3,False,-1000000000.0,-24.698942501561504,0.7447051923835863,8733,0.045454545454545456,-22.581749348115835,0.7548648148536407,4263,0.045454545454545456
BRK_L16_V0.75_H4_S1.5_T0,False,-1000000000.0,-24.532890057982208,0.6535082507519695,15582,0.0,-24.934481170213257,0.6248446929603092,7819,0.0
BRK_L16_V0.75_H4_S1.5_T3,False,-1000000000.0,-23.370686537570762,0.6710737872692447,15675,0.0,-24.120114381025825,0.6366986567980822,7853,0.0
BRK_L16_V0.75_H4_S2_T0,False,-1000000000.0,-24.236953964803064,0.6649224623227357,15436,0.0,-26.92066967291999,0.6078632220098756,7765,0.0
BRK_L16_V0.75_H4_S2_T3,False,-1000000000.0,-24.099774013452883,0.6679369052888039,15471,0.0,-26.409700695703695,0.6154207868839497,7775,0.0
BRK_L16_V0.75_H8_S1.5_T0,False,-1000000000.0,-26.188192983830003,0.6944271479188114,11738,0.0,-23.69876968172885,0.7100498371664979,5800,0.03333333333333333
BRK_L16_V0.75_H8_S1.5_T3,False,-1000000000.0,-24.73361953999279,0.7124185635043336,11903,0.03333333333333333,-23.174156531762748,0.7172386630763744,5875,0.03333333333333333
BRK_L16_V0.75_H8_S2_T0,False,-1000000000.0,-26.81551880012889,0.7014186082789305,11523,0.0,-25.341236216021386,0.7094307290768085,5729,0.0
BRK_L16_V0.75_H8_S2_T3,False,-1000000000.0,-25.722877880929374,0.7144856134780605,11595,0.03333333333333333,-23.916987130210643,0.7270841473591864,5757,0.03333333333333333
BRK_L16_V0.75_H16_S1.5_T0,False,-1000000000.0,-19.231217869153998,0.7959732161722503,6325,0.045454545454545456,-28.27312991104754,0.6920068152832602,2980,0.09090909090909091
BRK_L16_V0.75_H16_S1.5_T3,False,-1000000000.0,-23.082542920392807,0.7579141123323772,6527,0.045454545454545456,-23.81403273159388,0.740400246004695,3041,0.045454545454545456
BRK_L16_V0.75_H16_S2_T0,False,-1000000000.0,-20.911885021903768,0.7981911690084735,6157,0.045454545454545456,-28.901062475839957,0.708916218286705,2920,0.0
BRK_L16_V0.75_H16_S2_T3,False,-1000000000.0,-23.39313073493388,0.776644956060249,6265,0.09090909090909091,-24.238695426385195,0.757711716494588,2946,0.09090909090909091
BRK_L32_V0_H4_S1.5_T0,False,-1000000000.0,-21.60629726478627,0.6704265395712287,15759,0.0,-24.015608813034316,0.6164963973285025,8456,0.0
BRK_L32_V0_H4_S1.5_T3,False,-1000000000.0,-20.179537265159155,0.6928325048017375,15843,0.0,-23.18936574136345,0.6289824575524463,8488,0.0
BRK_L32_V0_H4_S2_T0,False,-1000000000.0,-21.429398953456424,0.6799457246621049,15616,0.0,-25.512317450216184,0.603501541709245,8393,0.0
BRK_L32_V0_H4_S2_T3,False,-1000000000.0,-20.71486886463882,0.6911353841805925,15645,0.0,-25.125971111117025,0.6095276198050047,8401,0.0
BRK_L32_V0_H8_S1.5_T0,False,-1000000000.0,-23.81249393118447,0.7004083562165383,11817,0.0,-24.95954577578645,0.6773412784421756,6225,0.03333333333333333
BRK_L32_V0_H8_S1.5_T3,False,-1000000000.0,-20.72684648512362,0.739963508897693,11978,0.0,-23.278900357731107,0.6988936945132742,6301,0.0
BRK_L32_V0_H8_S2_T0,False,-1000000000.0,-24.324321281165346,0.7083167273060573,11595,0.0,-26.042667691476456,0.6823653981255879,6135,0.03333333333333333
BRK_L32_V0_H8_S2_T3,False,-1000000000.0,-21.901633771888815,0.7377011948044435,11666,0.0,-24.04804743880714,0.7073859940820186,6164,0.03333333333333333
BRK_L32_V0_H16_S1.5_T0,False,-1000000000.0,-17.918932645053662,0.7952271023077762,6366,0.18181818181818182,-28.77545417097173,0.6715359838789213,3269,0.0
BRK_L32_V0_H16_S1.5_T3,False,-1000000000.0,-20.365098860616435,0.7698548731892455,6551,0.09090909090909091,-24.215210923763042,0.7227239657459912,3332,0.0
BRK_L32_V0_H16_S2_T0,False,-1000000000.0,-17.40371150822454,0.8167330252347047,6176,0.13636363636363635,-30.065123394117524,0.6845111398113268,3188,0.0
BRK_L32_V0_H16_S2_T3,False,-1000000000.0,-18.468618350810825,0.8079048992337594,6284,0.045454545454545456,-25.365702750848865,0.7353598848865383,3220,0.045454545454545456
BRK_L32_V0.75_H4_S1.5_T0,False,-1000000000.0,-22.49216773226911,0.6840933264813979,11919,0.0,-25.861879043866935,0.6223475588572457,6208,0.0
BRK_L32_V0.75_H4_S1.5_T3,False,-1000000000.0,-20.568710883908892,0.7113560187998941,11982,0.0,-25.03643229105393,0.6339961949415441,6238,0.0
BRK_L32_V0.75_H4_S2_T0,False,-1000000000.0,-22.164829649600936,0.696412838354447,11802,0.0,-27.695908896221127,0.6071642715236969,6161,0.0
BRK_L32_V0.75_H4_S2_T3,False,-1000000000.0,-21.209647837452085,0.7099397227625611,11823,0.0,-27.23791062195452,0.6138478081622167,6170,0.0
BRK_L32_V0.75_H8_S1.5_T0,False,-1000000000.0,-25.072199800281723,0.7084346436204659,9029,0.03333333333333333,-27.437419571057884,0.6749811803849208,4613,0.03333333333333333
BRK_L32_V0.75_H8_S1.5_T3,False,-1000000000.0,-21.533976541668245,0.7498593889558195,9155,0.03333333333333333,-26.42784182933576,0.6875405861310966,4683,0.03333333333333333
BRK_L32_V0.75_H8_S2_T0,False,-1000000000.0,-25.72998723779072,0.716140318821604,8860,0.0,-28.338202578462504,0.6835669716731141,4553,0.03333333333333333
BRK_L32_V0.75_H8_S2_T3,False,-1000000000.0,-22.65276381149991,0.7500455521351694,8915,0.03333333333333333,-26.404681206349107,0.7068221837671113,4582,0.03333333333333333
BRK_L32_V0.75_H16_S1.5_T0,False,-1000000000.0,-16.380114822953665,0.8251396599103448,4896,0.2727272727272727,-30.270567811564014,0.6806368219335813,2433,0.09090909090909091
BRK_L32_V0.75_H16_S1.5_T3,False,-1000000000.0,-19.260019571153126,0.7962682211299669,5049,0.18181818181818182,-25.96855171518894,0.7259167650083156,2486,0.09090909090909091
BRK_L32_V0.75_H16_S2_T0,False,-1000000000.0,-16.645752990864434,0.8378201651989771,4765,0.18181818181818182,-30.62748074651507,0.7029244113646216,2381,0.09090909090909091
BRK_L32_V0.75_H16_S2_T3,False,-1000000000.0,-17.623023670041732,0.8296724493953765,4849,0.18181818181818182,-25.15930154761257,0.7580301296737019,2407,0.13636363636363635
BRK_L64_V0_H4_S1.5_T0,False,-1000000000.0,-24.30132976809278,0.6520556711825221,11056,0.0,-25.63142744861367,0.6095280823655836,6172,0.0
BRK_L64_V0_H4_S1.5_T3,False,-1000000000.0,-22.591960366677025,0.6772011752633766,11122,0.0,-24.791742821300954,0.6212214461500832,6196,0.0
BRK_L64_V0_H4_S2_T0,False,-1000000000.0,-24.797166240674404,0.6537920513783066,10956,0.0,-27.18542755437005,0.5955975784267639,6117,0.0
BRK_L64_V0_H4_S2_T3,False,-1000000000.0,-22.990421665143145,0.6789208747392295,10973,0.0,-26.721563592161047,0.6025184563817665,6123,0.0
BRK_L64_V0_H8_S1.5_T0,False,-1000000000.0,-26.565663713758816,0.6825120841536075,8384,0.03333333333333333,-26.416386899667266,0.6738078830778772,4554,0.06666666666666667
BRK_L64_V0_H8_S1.5_T3,False,-1000000000.0,-22.495197291456147,0.7316648019694028,8507,0.03333333333333333,-25.171484233148266,0.6889000060204085,4622,0.03333333333333333
BRK_L64_V0_H8_S2_T0,False,-1000000000.0,-26.68680939588889,0.6951857062172317,8225,0.0,-27.69213407626358,0.6785915027832938,4484,0.03333333333333333
BRK_L64_V0_H8_S2_T3,False,-1000000000.0,-22.825361137358136,0.7389604854086101,8281,0.03333333333333333,-25.443057796892862,0.7057232019371543,4511,0.06666666666666667
BRK_L64_V0_H16_S1.5_T0,False,-1000000000.0,-19.75172149394675,0.7843021836057942,4527,0.13636363636363635,-27.907768204895266,0.6949598836850994,2481,0.09090909090909091
BRK_L64_V0_H16_S1.5_T3,False,-1000000000.0,-21.84538216277672,0.7643380409392003,4669,0.09090909090909091,-23.901695410503947,0.7375363104948403,2538,0.13636363636363635
BRK_L64_V0_H16_S2_T0,False,-1000000000.0,-19.138817975948335,0.8076444226640993,4388,0.13636363636363635,-29.11875675858916,0.7077360288917438,2413,0.0
BRK_L64_V0_H16_S2_T3,False,-1000000000.0,-19.77009740885638,0.8027735991459208,4468,0.13636363636363635,-24.347462336628638,0.7571999274330111,2443,0.13636363636363635
BRK_L64_V0.75_H4_S1.5_T0,False,-1000000000.0,-24.72146040177302,0.668506801824941,8920,0.0,-26.551662513997957,0.6244784747837326,4795,0.0
BRK_L64_V0.75_H4_S1.5_T3,False,-1000000000.0,-22.72770790926105,0.6957392726593569,8973,0.03333333333333333,-25.604806395393364,0.6370476204703196,4816,0.0
BRK_L64_V0.75_H4_S2_T0,False,-1000000000.0,-25.36886072787744,0.6694088092202043,8839,0.0,-28.357662108940147,0.6091658106058974,4752,0.0
BRK_L64_V0.75_H4_S2_T3,False,-1000000000.0,-23.062091448647497,0.6994418376279276,8852,0.03333333333333333,-27.90502001365175,0.6155319428249827,4759,0.0
BRK_L64_V0.75_H8_S1.5_T0,False,-1000000000.0,-28.393432778941346,0.6828223915900109,6837,0.03333333333333333,-28.36459387708718,0.6760248840523698,3590,0.03333333333333333
BRK_L64_V0.75_H8_S1.5_T3,False,-1000000000.0,-23.62370982353308,0.7359624400998412,6934,0.03333333333333333,-27.729689415197257,0.6837374746626999,3651,0.06666666666666667
BRK_L64_V0.75_H8_S2_T0,False,-1000000000.0,-28.675976475629806,0.6946590931243958,6717,0.03333333333333333,-29.069365410626364,0.6867709445484811,3541,0.03333333333333333
BRK_L64_V0.75_H8_S2_T3,False,-1000000000.0,-23.795390896532886,0.7460243174175014,6762,0.06666666666666667,-27.153610256935014,0.7095006972081355,3567,0.06666666666666667
BRK_L64_V0.75_H16_S1.5_T0,False,-1000000000.0,-19.856129489087945,0.7957497419340898,3742,0.13636363636363635,-27.72105621179372,0.7160284093041803,1947,0.13636363636363635
BRK_L64_V0.75_H16_S1.5_T3,False,-1000000000.0,-21.938348272862132,0.7762261317250261,3856,0.13636363636363635,-24.147919895794754,0.7525275340128151,1996,0.13636363636363635
BRK_L64_V0.75_H16_S2_T0,False,-1000000000.0,-19.569821835363726,0.8161427073378754,3640,0.22727272727272727,-27.203587418028366,0.7431199113749359,1900,0.09090909090909091
BRK_L64_V0.75_H16_S2_T3,False,-1000000000.0,-19.604611624339345,0.8162367612505654,3701,0.22727272727272727,-22.01806581023751,0.7941620344031489,1926,0.18181818181818182
BRK_L96_V0_H4_S1.5_T0,False,-1000000000.0,-24.752207079290397,0.6529479634732731,9216,0.0,-24.64821354992381,0.6349855590455369,5015,0.0
BRK_L96_V0_H4_S1.5_T3,False,-1000000000.0,-22.482497507985492,0.68498626576748,9264,0.0,-23.49625696476734,0.6509204439259371,5035,0.03333333333333333
BRK_L96_V0_H4_S2_T0,False,-1000000000.0,-25.374927288191056,0.6538139711930036,9135,0.0,-26.08661837666568,0.6214643813217955,4965,0.0
BRK_L96_V0_H4_S2_T3,False,-1000000000.0,-23.318570422369692,0.6815241464209817,9146,0.0,-25.468553956922122,0.630519322585593,4970,0.0
BRK_L96_V0_H8_S1.5_T0,False,-1000000000.0,-26.663154437958543,0.6862345451463547,7008,0.0,-26.38839441844723,0.6846463505212947,3709,0.06666666666666667
BRK_L96_V0_H8_S1.5_T3,False,-1000000000.0,-21.677525254341973,0.7452276361612963,7100,0.0,-24.271466401800108,0.7089236571828903,3767,0.03333333333333333
BRK_L96_V0_H8_S2_T0,False,-1000000000.0,-27.11899460583285,0.696141584454928,6870,0.03333333333333333,-27.122741237874518,0.6949465556942467,3646,0.03333333333333333
BRK_L96_V0_H8_S2_T3,False,-1000000000.0,-22.834819219642856,0.7439253467327617,6911,0.0,-23.915437359002702,0.7316593888408015,3668,0.06666666666666667
BRK_L96_V0_H16_S1.5_T0,False,-1000000000.0,-23.195366734463306,0.7505865211029987,3830,0.13636363636363635,-24.5063947175827,0.7393544851183315,2015,0.09090909090909091
BRK_L96_V0_H16_S1.5_T3,False,-1000000000.0,-22.582645750551453,0.7608531310368396,3950,0.13636363636363635,-19.799663959325546,0.7884728571341798,2063,0.13636363636363635
BRK_L96_V0_H16_S2_T0,False,-1000000000.0,-23.518947261740664,0.7683628526834514,3709,0.13636363636363635,-23.215770224304723,0.7701766132260108,1955,0.09090909090909091
BRK_L96_V0_H16_S2_T3,False,-1000000000.0,-21.507234603123642,0.7902105799418722,3773,0.13636363636363635,-16.902413742631225,0.8337884629641968,1982,0.22727272727272727
BRK_L96_V0.75_H4_S1.5_T0,False,-1000000000.0,-25.265525325951877,0.6660090663527356,7676,0.0,-26.054604307784718,0.6397533246470909,4046,0.0
BRK_L96_V0.75_H4_S1.5_T3,False,-1000000000.0,-22.67775748410002,0.7002764329466783,7716,0.0,-24.756775561728023,0.6568317064456302,4064,0.03333333333333333
BRK_L96_V0.75_H4_S2_T0,False,-1000000000.0,-25.911522714173984,0.6671856729184894,7604,0.0,-27.65150612477216,0.62619253501741,4004,0.0
BRK_L96_V0.75_H4_S2_T3,False,-1000000000.0,-23.365579206360234,0.6995965925226345,7613,0.03333333333333333,-26.991186878733178,0.635338796606466,4010,0.03333333333333333
BRK_L96_V0.75_H8_S1.5_T0,False,-1000000000.0,-28.40796600830072,0.685818925989014,5872,0.03333333333333333,-28.296054000682595,0.6845136500996065,3040,0.06666666666666667
BRK_L96_V0.75_H8_S1.5_T3,False,-1000000000.0,-22.619793942052212,0.7495415583166877,5947,0.06666666666666667,-27.01594132291934,0.6986710940156755,3091,0.1
BRK_L96_V0.75_H8_S2_T0,False,-1000000000.0,-28.492654514628125,0.6995091675848536,5761,0.03333333333333333,-29.00917306760902,0.6957986908631026,2996,0.03333333333333333
BRK_L96_V0.75_H8_S2_T3,False,-1000000000.0,-23.125771629561502,0.7555515752873122,5795,0.06666666666666667,-26.333424061796524,0.7255673498754404,3019,0.06666666666666667
BRK_L96_V0.75_H16_S1.5_T0,False,-1000000000.0,-23.775269002690123,0.7569352168401969,3260,0.13636363636363635,-23.805677739145995,0.7611932564293021,1643,0.18181818181818182
BRK_L96_V0.75_H16_S1.5_T3,False,-1000000000.0,-22.234878793892427,0.7750806835782504,3359,0.18181818181818182,-20.212627620757733,0.7974088623695591,1685,0.22727272727272727
BRK_L96_V0.75_H16_S2_T0,False,-1000000000.0,-24.26698769617924,0.7737920880327982,3165,0.13636363636363635,-20.652820639760296,0.8064166930359252,1601,0.22727272727272727
BRK_L96_V0.75_H16_S2_T3,False,-1000000000.0,-20.647080459019623,0.8082229950141906,3215,0.18181818181818182,-14.164414450163022,0.8686535837071516,1625,0.3181818181818182
